{"cameraMode":{"drawMode":0,"name":"Shaded","section":"Shading Mode"},"sceneLighting":true,"audioPlay":false,"sceneViewState":{"m_AlwaysRefresh":false,"showFog":true,"showSkybox":true,"showFlares":true,"showImageEffects":true,"showParticleSystems":true,"showVisualEffectGraphs":true,"m_FxEnabled":true},"in2DMode":false,"pivot":{"x":3.150094747543335,"y":0.4201374650001526,"z":-3.736325263977051},"rotation":{"x":0.03988797590136528,"y":0.17150531709194184,"z":-0.006949800066649914,"w":0.9843524694442749},"size":2.514024496078491,"orthographic":true}