{"cameraMode":{"drawMode":0,"name":"Shaded","section":"Shading Mode"},"sceneLighting":true,"audioPlay":false,"sceneViewState":{"m_AlwaysRefresh":false,"showFog":true,"showSkybox":true,"showFlares":true,"showImageEffects":true,"showParticleSystems":true,"showVisualEffectGraphs":true,"m_FxEnabled":true},"in2DMode":false,"pivot":{"x":1.6539788246154786,"y":0.6973347663879395,"z":1.3256616592407227},"rotation":{"x":0.14528842270374299,"y":0.009211287833750248,"z":-0.001352287596091628,"w":0.9893541932106018},"size":6.012088775634766,"orthographic":true}